<annotation>
	<folder>training</folder>
	<filename>105.jpg</filename>
	<path>C:\Work\OrthoIndex_Utilities\orthoindex-utils\image-downloader\downloads\fracture\training\105.jpg</path>
	<source>
		<database>Unknown</database>
	</source>
	<size>
		<width>477</width>
		<height>716</height>
		<depth>1</depth>
	</size>
	<segmented>0</segmented>
	<object>
		<name>fracture</name>
		<pose>Unspecified</pose>
		<truncated>0</truncated>
		<difficult>0</difficult>
		<bndbox>
			<xmin>303</xmin>
			<ymin>469</ymin>
			<xmax>357</xmax>
			<ymax>540</ymax>
		</bndbox>
	</object>
</annotation>
