<annotation>
	<folder>training</folder>
	<filename>114.jpg</filename>
	<path>C:\Work\OrthoIndex_Utilities\orthoindex-utils\image-downloader\downloads\fracture\training\114.jpg</path>
	<source>
		<database>Unknown</database>
	</source>
	<size>
		<width>377</width>
		<height>327</height>
		<depth>3</depth>
	</size>
	<segmented>0</segmented>
	<object>
		<name>fracture</name>
		<pose>Unspecified</pose>
		<truncated>0</truncated>
		<difficult>0</difficult>
		<bndbox>
			<xmin>32</xmin>
			<ymin>133</ymin>
			<xmax>102</xmax>
			<ymax>236</ymax>
		</bndbox>
	</object>
	<object>
		<name>fracture</name>
		<pose>Unspecified</pose>
		<truncated>0</truncated>
		<difficult>0</difficult>
		<bndbox>
			<xmin>237</xmin>
			<ymin>116</ymin>
			<xmax>346</xmax>
			<ymax>238</ymax>
		</bndbox>
	</object>
</annotation>
