<annotation>
	<folder>training</folder>
	<filename>115.jpg</filename>
	<path>C:\Work\OrthoIndex_Utilities\orthoindex-utils\image-downloader\downloads\fracture\training\115.jpg</path>
	<source>
		<database>Unknown</database>
	</source>
	<size>
		<width>175</width>
		<height>320</height>
		<depth>3</depth>
	</size>
	<segmented>0</segmented>
	<object>
		<name>fracture</name>
		<pose>Unspecified</pose>
		<truncated>0</truncated>
		<difficult>0</difficult>
		<bndbox>
			<xmin>31</xmin>
			<ymin>125</ymin>
			<xmax>78</xmax>
			<ymax>219</ymax>
		</bndbox>
	</object>
	<object>
		<name>fracture</name>
		<pose>Unspecified</pose>
		<truncated>0</truncated>
		<difficult>0</difficult>
		<bndbox>
			<xmin>101</xmin>
			<ymin>123</ymin>
			<xmax>157</xmax>
			<ymax>218</ymax>
		</bndbox>
	</object>
</annotation>
