<annotation>
	<folder>training</folder>
	<filename>118.jpg</filename>
	<path>C:\Work\OrthoIndex_Utilities\orthoindex-utils\image-downloader\downloads\fracture\training\118.jpg</path>
	<source>
		<database>Unknown</database>
	</source>
	<size>
		<width>170</width>
		<height>450</height>
		<depth>3</depth>
	</size>
	<segmented>0</segmented>
	<object>
		<name>fracture</name>
		<pose>Unspecified</pose>
		<truncated>0</truncated>
		<difficult>0</difficult>
		<bndbox>
			<xmin>79</xmin>
			<ymin>271</ymin>
			<xmax>128</xmax>
			<ymax>328</ymax>
		</bndbox>
	</object>
</annotation>
