<annotation>
	<folder>training</folder>
	<filename>123.jpg</filename>
	<path>C:\Work\OrthoIndex_Utilities\orthoindex-utils\image-downloader\downloads\fracture\training\123.jpg</path>
	<source>
		<database>Unknown</database>
	</source>
	<size>
		<width>422</width>
		<height>746</height>
		<depth>1</depth>
	</size>
	<segmented>0</segmented>
	<object>
		<name>fracture</name>
		<pose>Unspecified</pose>
		<truncated>0</truncated>
		<difficult>0</difficult>
		<bndbox>
			<xmin>292</xmin>
			<ymin>262</ymin>
			<xmax>329</xmax>
			<ymax>370</ymax>
		</bndbox>
	</object>
</annotation>
