<annotation>
	<folder>training</folder>
	<filename>125.jpg</filename>
	<path>C:\Work\OrthoIndex_Utilities\orthoindex-utils\image-downloader\downloads\fracture\training\125.jpg</path>
	<source>
		<database>Unknown</database>
	</source>
	<size>
		<width>301</width>
		<height>442</height>
		<depth>1</depth>
	</size>
	<segmented>0</segmented>
	<object>
		<name>fracture</name>
		<pose>Unspecified</pose>
		<truncated>0</truncated>
		<difficult>0</difficult>
		<bndbox>
			<xmin>201</xmin>
			<ymin>240</ymin>
			<xmax>233</xmax>
			<ymax>279</ymax>
		</bndbox>
	</object>
</annotation>
