<annotation>
	<folder>training</folder>
	<filename>126.jpg</filename>
	<path>C:\Work\OrthoIndex_Utilities\orthoindex-utils\image-downloader\downloads\fracture\training\126.jpg</path>
	<source>
		<database>Unknown</database>
	</source>
	<size>
		<width>759</width>
		<height>1024</height>
		<depth>1</depth>
	</size>
	<segmented>0</segmented>
	<object>
		<name>fracture</name>
		<pose>Unspecified</pose>
		<truncated>0</truncated>
		<difficult>0</difficult>
		<bndbox>
			<xmin>676</xmin>
			<ymin>503</ymin>
			<xmax>710</xmax>
			<ymax>537</ymax>
		</bndbox>
	</object>
	<object>
		<name>fracture</name>
		<pose>Unspecified</pose>
		<truncated>0</truncated>
		<difficult>0</difficult>
		<bndbox>
			<xmin>365</xmin>
			<ymin>794</ymin>
			<xmax>383</xmax>
			<ymax>830</ymax>
		</bndbox>
	</object>
</annotation>
