<annotation>
	<folder>training</folder>
	<filename>129.jpg</filename>
	<path>C:\Work\OrthoIndex_Utilities\orthoindex-utils\image-downloader\downloads\fracture\training\129.jpg</path>
	<source>
		<database>Unknown</database>
	</source>
	<size>
		<width>555</width>
		<height>865</height>
		<depth>3</depth>
	</size>
	<segmented>0</segmented>
	<object>
		<name>fracture</name>
		<pose>Unspecified</pose>
		<truncated>0</truncated>
		<difficult>0</difficult>
		<bndbox>
			<xmin>134</xmin>
			<ymin>395</ymin>
			<xmax>170</xmax>
			<ymax>421</ymax>
		</bndbox>
	</object>
</annotation>
