<annotation>
	<folder>training</folder>
	<filename>158.jpg</filename>
	<path>C:\Work\OrthoIndex_Utilities\orthoindex-utils\image-downloader\downloads\fracture\training\158.jpg</path>
	<source>
		<database>Unknown</database>
	</source>
	<size>
		<width>872</width>
		<height>1024</height>
		<depth>1</depth>
	</size>
	<segmented>0</segmented>
	<object>
		<name>fracture</name>
		<pose>Unspecified</pose>
		<truncated>0</truncated>
		<difficult>0</difficult>
		<bndbox>
			<xmin>578</xmin>
			<ymin>202</ymin>
			<xmax>675</xmax>
			<ymax>349</ymax>
		</bndbox>
	</object>
	<object>
		<name>fracture</name>
		<pose>Unspecified</pose>
		<truncated>0</truncated>
		<difficult>0</difficult>
		<bndbox>
			<xmin>570</xmin>
			<ymin>67</ymin>
			<xmax>609</xmax>
			<ymax>132</ymax>
		</bndbox>
	</object>
</annotation>
