<annotation>
	<folder>training</folder>
	<filename>173.jpg</filename>
	<path>C:\Work\OrthoIndex_Utilities\orthoindex-utils\image-downloader\downloads\fracture\training\173.jpg</path>
	<source>
		<database>Unknown</database>
	</source>
	<size>
		<width>657</width>
		<height>728</height>
		<depth>3</depth>
	</size>
	<segmented>0</segmented>
	<object>
		<name>fracture</name>
		<pose>Unspecified</pose>
		<truncated>0</truncated>
		<difficult>0</difficult>
		<bndbox>
			<xmin>486</xmin>
			<ymin>443</ymin>
			<xmax>556</xmax>
			<ymax>543</ymax>
		</bndbox>
	</object>
</annotation>
