<annotation>
	<folder>training</folder>
	<filename>176.jpg</filename>
	<path>C:\Work\OrthoIndex_Utilities\orthoindex-utils\image-downloader\downloads\fracture\training\176.jpg</path>
	<source>
		<database>Unknown</database>
	</source>
	<size>
		<width>822</width>
		<height>1024</height>
		<depth>1</depth>
	</size>
	<segmented>0</segmented>
	<object>
		<name>fracture</name>
		<pose>Unspecified</pose>
		<truncated>0</truncated>
		<difficult>0</difficult>
		<bndbox>
			<xmin>228</xmin>
			<ymin>294</ymin>
			<xmax>281</xmax>
			<ymax>353</ymax>
		</bndbox>
	</object>
</annotation>
