<annotation>
	<folder>training</folder>
	<filename>178.jpg</filename>
	<path>C:\Work\OrthoIndex_Utilities\orthoindex-utils\image-downloader\downloads\fracture\training\178.jpg</path>
	<source>
		<database>Unknown</database>
	</source>
	<size>
		<width>820</width>
		<height>1024</height>
		<depth>1</depth>
	</size>
	<segmented>0</segmented>
	<object>
		<name>fracture</name>
		<pose>Unspecified</pose>
		<truncated>0</truncated>
		<difficult>0</difficult>
		<bndbox>
			<xmin>571</xmin>
			<ymin>634</ymin>
			<xmax>638</xmax>
			<ymax>719</ymax>
		</bndbox>
	</object>
</annotation>
