<annotation>
	<folder>training</folder>
	<filename>182.jpg</filename>
	<path>C:\Work\OrthoIndex_Utilities\orthoindex-utils\image-downloader\downloads\fracture\training\182.jpg</path>
	<source>
		<database>Unknown</database>
	</source>
	<size>
		<width>841</width>
		<height>1024</height>
		<depth>1</depth>
	</size>
	<segmented>0</segmented>
	<object>
		<name>fracture</name>
		<pose>Unspecified</pose>
		<truncated>0</truncated>
		<difficult>0</difficult>
		<bndbox>
			<xmin>521</xmin>
			<ymin>157</ymin>
			<xmax>594</xmax>
			<ymax>271</ymax>
		</bndbox>
	</object>
</annotation>
