<annotation>
	<folder>training</folder>
	<filename>188.jpg</filename>
	<path>C:\Work\OrthoIndex_Utilities\orthoindex-utils\image-downloader\downloads\fracture\training\188.jpg</path>
	<source>
		<database>Unknown</database>
	</source>
	<size>
		<width>578</width>
		<height>1024</height>
		<depth>1</depth>
	</size>
	<segmented>0</segmented>
	<object>
		<name>fracture</name>
		<pose>Unspecified</pose>
		<truncated>0</truncated>
		<difficult>0</difficult>
		<bndbox>
			<xmin>281</xmin>
			<ymin>364</ymin>
			<xmax>353</xmax>
			<ymax>439</ymax>
		</bndbox>
	</object>
	<object>
		<name>fracture</name>
		<pose>Unspecified</pose>
		<truncated>0</truncated>
		<difficult>0</difficult>
		<bndbox>
			<xmin>189</xmin>
			<ymin>349</ymin>
			<xmax>253</xmax>
			<ymax>425</ymax>
		</bndbox>
	</object>
</annotation>
