<annotation>
	<folder>training</folder>
	<filename>193.jpg</filename>
	<path>C:\Work\OrthoIndex_Utilities\orthoindex-utils\image-downloader\downloads\fracture\training\193.jpg</path>
	<source>
		<database>Unknown</database>
	</source>
	<size>
		<width>540</width>
		<height>746</height>
		<depth>1</depth>
	</size>
	<segmented>0</segmented>
	<object>
		<name>fracture</name>
		<pose>Unspecified</pose>
		<truncated>0</truncated>
		<difficult>0</difficult>
		<bndbox>
			<xmin>61</xmin>
			<ymin>382</ymin>
			<xmax>126</xmax>
			<ymax>438</ymax>
		</bndbox>
	</object>
</annotation>
