<annotation>
	<folder>training</folder>
	<filename>196.jpg</filename>
	<path>C:\Work\OrthoIndex_Utilities\orthoindex-utils\image-downloader\downloads\fracture\training\196.jpg</path>
	<source>
		<database>Unknown</database>
	</source>
	<size>
		<width>438</width>
		<height>834</height>
		<depth>1</depth>
	</size>
	<segmented>0</segmented>
	<object>
		<name>fracture</name>
		<pose>Unspecified</pose>
		<truncated>0</truncated>
		<difficult>0</difficult>
		<bndbox>
			<xmin>91</xmin>
			<ymin>436</ymin>
			<xmax>255</xmax>
			<ymax>508</ymax>
		</bndbox>
	</object>
</annotation>
