<annotation>
	<folder>training</folder>
	<filename>197.jpg</filename>
	<path>C:\Work\OrthoIndex_Utilities\orthoindex-utils\image-downloader\downloads\fracture\training\197.jpg</path>
	<source>
		<database>Unknown</database>
	</source>
	<size>
		<width>1018</width>
		<height>743</height>
		<depth>1</depth>
	</size>
	<segmented>0</segmented>
	<object>
		<name>fracture</name>
		<pose>Unspecified</pose>
		<truncated>0</truncated>
		<difficult>0</difficult>
		<bndbox>
			<xmin>594</xmin>
			<ymin>383</ymin>
			<xmax>632</xmax>
			<ymax>437</ymax>
		</bndbox>
	</object>
</annotation>
