<annotation>
	<folder>training</folder>
	<filename>200.jpg</filename>
	<path>C:\Work\OrthoIndex_Utilities\orthoindex-utils\image-downloader\downloads\fracture\training\200.jpg</path>
	<source>
		<database>Unknown</database>
	</source>
	<size>
		<width>549</width>
		<height>543</height>
		<depth>3</depth>
	</size>
	<segmented>0</segmented>
	<object>
		<name>fracture</name>
		<pose>Unspecified</pose>
		<truncated>0</truncated>
		<difficult>0</difficult>
		<bndbox>
			<xmin>352</xmin>
			<ymin>280</ymin>
			<xmax>388</xmax>
			<ymax>321</ymax>
		</bndbox>
	</object>
</annotation>
