<annotation>
	<folder>training</folder>
	<filename>226.jpg</filename>
	<path>C:\Work\OrthoIndex_Utilities\orthoindex-utils\image-downloader\downloads\fracture\training\226.jpg</path>
	<source>
		<database>Unknown</database>
	</source>
	<size>
		<width>617</width>
		<height>1024</height>
		<depth>1</depth>
	</size>
	<segmented>0</segmented>
	<object>
		<name>fracture</name>
		<pose>Unspecified</pose>
		<truncated>0</truncated>
		<difficult>0</difficult>
		<bndbox>
			<xmin>345</xmin>
			<ymin>694</ymin>
			<xmax>439</xmax>
			<ymax>792</ymax>
		</bndbox>
	</object>
</annotation>
