<annotation>
	<folder>training</folder>
	<filename>232.jpg</filename>
	<path>C:\Work\OrthoIndex_Utilities\orthoindex-utils\image-downloader\downloads\fracture\training\232.jpg</path>
	<source>
		<database>Unknown</database>
	</source>
	<size>
		<width>972</width>
		<height>997</height>
		<depth>1</depth>
	</size>
	<segmented>0</segmented>
	<object>
		<name>fracture</name>
		<pose>Unspecified</pose>
		<truncated>0</truncated>
		<difficult>0</difficult>
		<bndbox>
			<xmin>293</xmin>
			<ymin>207</ymin>
			<xmax>393</xmax>
			<ymax>311</ymax>
		</bndbox>
	</object>
</annotation>
