<annotation>
	<folder>training</folder>
	<filename>27.jpg</filename>
	<path>C:\Work\OrthoIndex_Utilities\orthoindex-utils\image-downloader\downloads\fracture\training\27.jpg</path>
	<source>
		<database>Unknown</database>
	</source>
	<size>
		<width>1487</width>
		<height>1705</height>
		<depth>1</depth>
	</size>
	<segmented>0</segmented>
	<object>
		<name>fracture</name>
		<pose>Unspecified</pose>
		<truncated>0</truncated>
		<difficult>0</difficult>
		<bndbox>
			<xmin>605</xmin>
			<ymin>499</ymin>
			<xmax>873</xmax>
			<ymax>915</ymax>
		</bndbox>
	</object>
	<object>
		<name>fracture</name>
		<pose>Unspecified</pose>
		<truncated>0</truncated>
		<difficult>0</difficult>
		<bndbox>
			<xmin>899</xmin>
			<ymin>455</ymin>
			<xmax>1099</xmax>
			<ymax>834</ymax>
		</bndbox>
	</object>
	<object>
		<name>fracture</name>
		<pose>Unspecified</pose>
		<truncated>0</truncated>
		<difficult>0</difficult>
		<bndbox>
			<xmin>1220</xmin>
			<ymin>557</ymin>
			<xmax>1339</xmax>
			<ymax>957</ymax>
		</bndbox>
	</object>
</annotation>
