<annotation>
	<folder>training</folder>
	<filename>36.jpg</filename>
	<path>C:\Work\OrthoIndex_Utilities\orthoindex-utils\image-downloader\downloads\fracture\training\36.jpg</path>
	<source>
		<database>Unknown</database>
	</source>
	<size>
		<width>1053</width>
		<height>1191</height>
		<depth>3</depth>
	</size>
	<segmented>0</segmented>
	<object>
		<name>fracture</name>
		<pose>Unspecified</pose>
		<truncated>0</truncated>
		<difficult>0</difficult>
		<bndbox>
			<xmin>723</xmin>
			<ymin>408</ymin>
			<xmax>835</xmax>
			<ymax>608</ymax>
		</bndbox>
	</object>
</annotation>
