<annotation>
	<folder>training</folder>
	<filename>49.jpg</filename>
	<path>C:\Work\OrthoIndex_Utilities\orthoindex-utils\image-downloader\downloads\fracture\training\49.jpg</path>
	<source>
		<database>Unknown</database>
	</source>
	<size>
		<width>153</width>
		<height>303</height>
		<depth>1</depth>
	</size>
	<segmented>0</segmented>
	<object>
		<name>fracture</name>
		<pose>Unspecified</pose>
		<truncated>0</truncated>
		<difficult>0</difficult>
		<bndbox>
			<xmin>22</xmin>
			<ymin>46</ymin>
			<xmax>49</xmax>
			<ymax>83</ymax>
		</bndbox>
	</object>
</annotation>
