<annotation>
	<folder>training</folder>
	<filename>51.jpg</filename>
	<path>C:\Work\OrthoIndex_Utilities\orthoindex-utils\image-downloader\downloads\fracture\training\51.jpg</path>
	<source>
		<database>Unknown</database>
	</source>
	<size>
		<width>316</width>
		<height>467</height>
		<depth>1</depth>
	</size>
	<segmented>0</segmented>
	<object>
		<name>fracture</name>
		<pose>Unspecified</pose>
		<truncated>0</truncated>
		<difficult>0</difficult>
		<bndbox>
			<xmin>208</xmin>
			<ymin>246</ymin>
			<xmax>235</xmax>
			<ymax>293</ymax>
		</bndbox>
	</object>
</annotation>
