<annotation>
	<folder>training</folder>
	<filename>59.jpg</filename>
	<path>C:\Work\OrthoIndex_Utilities\orthoindex-utils\image-downloader\downloads\fracture\training\59.jpg</path>
	<source>
		<database>Unknown</database>
	</source>
	<size>
		<width>808</width>
		<height>1024</height>
		<depth>1</depth>
	</size>
	<segmented>0</segmented>
	<object>
		<name>fracture</name>
		<pose>Unspecified</pose>
		<truncated>0</truncated>
		<difficult>0</difficult>
		<bndbox>
			<xmin>401</xmin>
			<ymin>32</ymin>
			<xmax>476</xmax>
			<ymax>121</ymax>
		</bndbox>
	</object>
	<object>
		<name>fracture</name>
		<pose>Unspecified</pose>
		<truncated>0</truncated>
		<difficult>0</difficult>
		<bndbox>
			<xmin>240</xmin>
			<ymin>91</ymin>
			<xmax>304</xmax>
			<ymax>157</ymax>
		</bndbox>
	</object>
</annotation>
