<annotation>
	<folder>training</folder>
	<filename>61.jpg</filename>
	<path>C:\Work\OrthoIndex_Utilities\orthoindex-utils\image-downloader\downloads\fracture\training\61.jpg</path>
	<source>
		<database>Unknown</database>
	</source>
	<size>
		<width>814</width>
		<height>845</height>
		<depth>1</depth>
	</size>
	<segmented>0</segmented>
	<object>
		<name>fracture</name>
		<pose>Unspecified</pose>
		<truncated>0</truncated>
		<difficult>0</difficult>
		<bndbox>
			<xmin>461</xmin>
			<ymin>435</ymin>
			<xmax>541</xmax>
			<ymax>558</ymax>
		</bndbox>
	</object>
</annotation>
