<annotation>
	<folder>training</folder>
	<filename>73.jpg</filename>
	<path>C:\Work\OrthoIndex_Utilities\orthoindex-utils\image-downloader\downloads\fracture\training\73.jpg</path>
	<source>
		<database>Unknown</database>
	</source>
	<size>
		<width>1017</width>
		<height>1199</height>
		<depth>3</depth>
	</size>
	<segmented>0</segmented>
	<object>
		<name>fracture</name>
		<pose>Unspecified</pose>
		<truncated>0</truncated>
		<difficult>0</difficult>
		<bndbox>
			<xmin>766</xmin>
			<ymin>684</ymin>
			<xmax>870</xmax>
			<ymax>791</ymax>
		</bndbox>
	</object>
</annotation>
