<annotation>
	<folder>training</folder>
	<filename>8.jpg</filename>
	<path>C:\Work\OrthoIndex_Utilities\orthoindex-utils\image-downloader\downloads\fracture\training\8.jpg</path>
	<source>
		<database>Unknown</database>
	</source>
	<size>
		<width>1280</width>
		<height>1539</height>
		<depth>1</depth>
	</size>
	<segmented>0</segmented>
	<object>
		<name>fracture</name>
		<pose>Unspecified</pose>
		<truncated>0</truncated>
		<difficult>0</difficult>
		<bndbox>
			<xmin>595</xmin>
			<ymin>1023</ymin>
			<xmax>657</xmax>
			<ymax>1104</ymax>
		</bndbox>
	</object>
</annotation>
