<annotation>
	<folder>training</folder>
	<filename>99.jpg</filename>
	<path>C:\Work\OrthoIndex_Utilities\orthoindex-utils\image-downloader\downloads\fracture\training\99.jpg</path>
	<source>
		<database>Unknown</database>
	</source>
	<size>
		<width>373</width>
		<height>751</height>
		<depth>1</depth>
	</size>
	<segmented>0</segmented>
	<object>
		<name>fracture</name>
		<pose>Unspecified</pose>
		<truncated>0</truncated>
		<difficult>0</difficult>
		<bndbox>
			<xmin>140</xmin>
			<ymin>406</ymin>
			<xmax>213</xmax>
			<ymax>510</ymax>
		</bndbox>
	</object>
</annotation>
